image,center_x,center_y,bbox_x,bbox_y,bbox_w,bbox_h,bbox_rotation,angle_deg
087dcfd7-color.png,349.28,133.35,333.6,113.43,29.93,38.74,2.15,306.45
087dcfd7-color.png,348.76,75.38,330.17,58.71,36.15,32.19,1.85,0.13
087dcfd7-color.png,415.27,130.27,395.23,114.37,39.25,30.75,1.56,306.42
087dcfd7-color.png,418.48,187.64,403.24,166.68,29.68,41.35,1.11,332.15
087dcfd7-color.png,415.87,74.58,397.08,57.62,37.18,33.47,0.69,8.04
087dcfd7-color.png,351.56,189.34,332.81,172.14,37.12,33.97,359.34,339.93
0d94c8b4-color.png,489.67,114.62,465.26,85.82,42.65,52.75,7.07,83.09
0d94c8b4-color.png,454.82,153.27,416.77,115.22,54.44,53.19,45.73,322.72
0d94c8b4-color.png,428.59,78.07,389.06,38.49,56.55,55.66,49.33,302.47
0d94c8b4-color.png,516.69,192.27,477.31,152.89,55.74,55.71,46.97,142.46
0d94c8b4-color.png,393.12,188.59,367.98,164.42,45.05,42.8,7.53,98.49
2be783c8-color.png,472.47,101.33,429.98,58.99,59.0,61.45,50.14,73.63
2be783c8-color.png,357.01,161.88,317.22,122.18,54.67,57.81,47.16,61.15
2be783c8-color.png,426.93,220.51,405.35,193.69,39.37,50.75,4.42,90.98
2be783c8-color.png,411.73,113.22,371.02,72.82,56.02,59.55,52.06,55.85
2be783c8-color.png,368.49,231.05,330.57,193.17,53.32,54.1,48.7,67.44
2c073c5b-color.png,419.98,131.83,399.12,114.71,40.8,33.11,1.62,319.62
2c073c5b-color.png,420.55,187.6,399.27,171.95,41.84,30.3,1.39,322.22
2c073c5b-color.png,418.36,72.85,400.29,52.35,34.43,39.52,2.51,312.22
2c073c5b-color.png,351.94,74.37,337.06,52.01,28.78,44.09,358.72,190.26
2c073c5b-color.png,352.34,130.52,337.78,111.44,27.86,37.23,1.97,29.84
2c073c5b-color.png,350.58,188.36,334.86,166.59,29.91,42.48,2.12,80.84
42f1d5fe-color.png,352.0,130.82,337.29,111.39,28.29,38.03,1.73,43.1
42f1d5fe-color.png,418.24,131.73,401.79,110.34,31.78,41.94,1.53,323.37
42f1d5fe-color.png,418.71,73.75,399.19,55.87,36.47,32.88,4.71,328.34
42f1d5fe-color.png,351.22,74.7,336.51,52.44,27.86,43.54,357.93,30.98
42f1d5fe-color.png,350.91,187.12,331.1,166.4,36.87,38.84,4.22,41.32
42f1d5fe-color.png,417.62,187.15,395.11,166.69,40.44,35.6,8.05,298.07
5f430915-color.png,421.88,191.74,401.26,164.94,37.81,51.1,3.96,83.34
5f430915-color.png,451.73,155.58,425.33,129.73,45.27,43.9,10.95,37.77
5f430915-color.png,417.07,82.19,377.83,42.84,56.84,54.52,48.64,169.48
5f430915-color.png,481.91,116.43,447.11,81.74,50.29,49.38,35.44,24.03
60412b25-color.png,427.38,194.73,408.3,170.34,35.82,47.01,2.91,89.22
60412b25-color.png,404.37,91.34,382.39,68.93,41.21,42.15,3.85,270.29
60412b25-color.png,487.62,164.94,450.48,127.16,51.08,56.44,35.18,321.8
60412b25-color.png,463.23,94.53,436.35,66.95,44.89,46.73,12.19,3.78
60412b25-color.png,372.16,158.52,346.57,132.7,43.32,43.94,11.42,323.56
60412b25-color.png,429.45,127.93,406.14,103.46,40.16,42.99,9.36,23.73
65e6752e-color.png,454.75,128.69,430.82,99.67,42.33,53.82,6.16,65.41
65e6752e-color.png,393.79,57.06,360.15,23.53,50.12,49.58,27.35,13.38
65e6752e-color.png,518.63,53.93,483.92,18.59,50.57,53.47,27.19,324.95
65e6752e-color.png,454.9,55.99,418.39,19.48,51.15,52.11,44.54,61.24
65e6752e-color.png,393.51,130.45,354.68,91.69,54.09,55.83,48.32,31.9
65e6752e-color.png,516.22,128.13,483.86,93.15,48.47,57.07,19.48,83.95
71f023c4-color.png,349.73,133.85,334.52,114.52,29.51,37.94,1.4,297.69
71f023c4-color.png,347.55,75.76,328.92,58.34,35.79,33.26,2.59,73.48
71f023c4-color.png,415.4,75.97,395.05,57.4,38.69,34.9,3.41,324.25
71f023c4-color.png,415.32,130.72,394.54,113.67,40.17,32.37,2.53,305.04
71f023c4-color.png,420.28,187.77,398.65,168.65,40.92,35.52,3.92,302.63
71f023c4-color.png,351.9,188.01,331.7,169.64,38.78,34.91,2.74,355.49
738b674b-color.png,471.01,153.24,432.47,114.69,55.03,54.0,45.25,121.09
738b674b-color.png,378.29,80.19,349.48,50.37,45.77,48.75,16.32,342.37
738b674b-color.png,408.82,189.98,381.82,159.72,42.44,51.54,14.53,118.29
7eb1d29b-color.png,430.34,134.91,412.21,115.58,34.65,37.17,2.54,354.64
7eb1d29b-color.png,362.07,194.16,341.44,175.4,38.92,34.89,4.01,287.53
7eb1d29b-color.png,429.8,191.76,411.98,170.54,32.29,39.78,4.99,93.2
7eb1d29b-color.png,361.12,136.85,341.46,118.25,37.56,35.33,2.94,299.57
7eb1d29b-color.png,429.34,79.62,412.2,59.59,32.37,38.46,2.9,53.67
7eb1d29b-color.png,359.34,80.3,339.72,61.43,37.12,35.52,3.53,51.17
9a580d48-color.png,488.78,116.77,463.18,87.78,43.71,51.83,8.91,76.8
9a580d48-color.png,452.97,153.5,415.42,115.93,53.97,52.29,45.91,329.22
9a580d48-color.png,428.53,77.27,388.15,36.84,57.77,56.88,49.72,296.37
a6f2e215-color.png,428.76,193.07,413.31,171.44,30.17,42.74,0.99,98.52
a6f2e215-color.png,429.26,135.69,414.29,115.45,29.4,40.07,0.79,74.21
a6f2e215-color.png,359.79,194.6,338.66,174.17,40.48,38.99,2.69,228.18
a6f2e215-color.png,360.67,136.9,340.71,118.36,38.02,35.03,3.18,292.82
a6f2e215-color.png,359.71,79.91,342.01,59.28,33.0,39.28,3.59,315.0
a6f2e215-color.png,426.46,80.58,406.47,63.15,38.15,32.73,3.29,25.77
d8d102e4-color.png,520.0,116.89,479.4,76.33,57.06,57.93,48.54,321.66
d8d102e4-color.png,459.06,115.94,419.84,76.69,55.94,55.35,49.33,103.87
d8d102e4-color.png,516.97,190.84,492.38,160.81,43.94,56.06,5.57,100.41
d8d102e4-color.png,396.47,116.28,357.38,77.17,55.67,55.06,47.85,210.45
d8d102e4-color.png,395.19,190.11,371.44,161.44,41.28,52.61,7.15,203.73
d8d102e4-color.png,457.03,191.26,420.56,154.55,51.18,53.44,36.54,52.77
